企业代号,信誉评级,是否违约,in_n_inv,in_n_void,in_void_share,in_neg_share,in_sum_amt,in_net_amt,in_sum_amt_pos,in_sum_tax,in_avg_inv,in_max_inv,in_n_counterpart,in_hhi,in_n_active_month,in_cv_month,in_growth,in_tax_ratio,in_inv_per_active_month,out_n_inv,out_n_void,out_void_share,out_neg_share,out_sum_amt,out_net_amt,out_sum_amt_pos,out_sum_tax,out_avg_inv,out_max_inv,out_n_counterpart,out_hhi,out_n_active_month,out_cv_month,out_growth,out_tax_ratio,out_inv_per_active_month,out_in_ratio,label_default
E1,A,否,3441,192,0.05579773321708806,0.02063353676256902,6953622768.1,5964027383.42,6458825075.76,928666458.58,2020814.5213891312,9999984.51,437,0.9881174250192554,32,0.7802787103746353,0.5590267370304546,0.13473200462223578,107.53125,8110,224,0.027620221948212082,0.028236744759556103,4413147404.37,4152993641.69,4283070523.03,645818302.95,544161.2089235511,999990.51,360,0.07117024731741492,30,0.8018297563954928,0.5683916968801243,0.13457878958381403,270.3333333333333,0.6346544170637894,0
E2,A,否,32156,721,0.02242194302773977,0.00485134967035701,166535016.14,164544160.52,165539588.33,7192305.33,5178.971767010822,999047.62,3637,0.06573307947458851,38,0.799043047370126,0.6914726130571099,0.04187989600462597,846.2105263157895,12707,1042,0.08200204611631384,0.028330841268592116,693573120.12,655381855.6999999,674477487.91,39326331.02,54581.97215078303,95238.1,1611,0.00877149145899582,37,0.8483754882302906,1.2061143147756965,0.056608417421530055,343.43243243243245,4.164728452885477,0
E3,C,否,4561,194,0.042534531900898925,0.005700504275378207,55869169.73,55190824.29,55529997.01,2330014.04,12249.324650295986,757365.79,573,0.38304655523440406,38,0.7341951064034303,0.02802462570311439,0.040507303225182326,120.02631578947368,24073,385,0.0159930212271009,0.186972957255016,998310586.97,588786961.61,793548774.29,93952826.35,41470.136126365636,997656.4,136,0.14024729929689878,38,0.6405954960386956,-0.3222451554621901,0.13761147073430038,633.5,17.868720652097654,0
E4,C,否,558,37,0.06630824372759857,0.007168458781362007,335777097.91,328166597.01,331971847.46,52240851.3,601751.0715232976,9465746.36,131,0.9153057397065931,38,1.954528944298336,-0.38001605015299095,0.1373286762183166,14.68421052631579,2231,190,0.08516360376512774,0.004034065441506051,2025623079.35,2011179877.87,2018401478.61,334450797.76,907944.0068803227,999999.32,26,0.33482457245322683,35,1.4712231572965,-0.7157761003493885,0.14258459408584076,63.74285714285714,6.032642166360428,0
E5,B,否,2169,85,0.039188566159520516,0.008298755186721992,204310666.97,201940761.49,203125714.23,30109452.24,94195.78928999539,6497091.72,393,0.1391253816620743,37,1.099285957260738,6.24331286807973,0.12975403795591237,58.62162162162162,1060,55,0.05188679245283019,0.009433962264150943,212731828.45,210801270.55,211766549.5,31986902.04,200690.4041981132,999597.07,33,0.1957539243071144,33,1.093282417667092,6.248205459351624,0.13174818896148108,32.121212121212125,1.0412174342382061,0
E6,A,否,11337,523,0.046132133721443064,0.007056540531004675,326675010.09,320765704.23,323720357.16,20371151.32,28814.943114580576,999285.71,1524,0.11889779420430648,37,0.8253852369511604,1.2338256227212991,0.05971548071860042,306.4054054054054,1052,139,0.13212927756653992,0.021863117870722433,413830081.37,409937095.63,411883588.5,32666524.19,393374.6020627376,990990.99,151,0.06561058985938374,37,0.8045591209680428,1.008060352941638,0.0738053706006403,28.43243243243243,1.26679442439135,0
E7,A,否,13097,454,0.03466442696800794,0.034435366877910975,75642843.84,62702547.06,69172695.45,3951049.72,5775.585541727113,528517.48,1588,0.06644636055955125,38,0.6805455235247566,0.39450207829669387,0.05927736702703413,344.6578947368421,8149,117,0.014357589888329856,0.23426187262240766,919213052.96,525822174.58,722517613.77,85386455.53,112800.71824272917,999998.29,1216,0.03620734700824124,38,0.6628604342841234,-0.38065253110798064,0.1397009978648909,214.44736842105263,12.152016057253514,0
E8,A,否,22536,759,0.03367944621938232,0.003461128860489883,173845971.51,172522421.69,173184196.6,8545085.48,7714.144990681576,5253796.61,2612,0.0745789792830972,38,0.5421547985082551,0.3463526954028327,0.04719281561642765,593.0526315789474,9425,1066,0.11310344827586206,0.026312997347480105,434907060.15,405507473.40999997,420207266.78,24858707.41,46143.985161803714,99999.99,2731,0.0038708949167441456,38,0.5638401825838197,0.763869822671051,0.057761758516051045,248.02631578947367,2.50168040347707,0
E9,A,否,4293,94,0.02189610994642441,0.006289308176100629,25224969.72,24891167.3,25058068.51,1811202.83,5875.837344514325,743915.09,741,0.12500971881209294,38,0.5421106809686697,0.25223091688594684,0.06782929085254201,112.97368421052632,5906,146,0.024720623095157466,0.020656959024720624,347777725.29,329474184.75,338625955.02,51343881.11,58885.49361496783,99999.0,124,0.05828060252567681,38,0.42965424811594227,0.38866147050253047,0.13482522420266566,155.42105263157896,13.787042329500169,0
E10,B,否,4097,237,0.05784720527215036,0.008298755186721992,6492810.55,6157427.2299999995,6325118.89,321183.32,1584.7719184769344,58685.27,882,0.022263423627698363,35,0.8273615915758624,1.9499492002633785,0.04957595730152355,117.05714285714286,568,52,0.09154929577464789,0.0035211267605633804,371157295.42,369075006.02,370116150.72,11623544.87,653445.9426408451,999900.0,27,0.10899743617491309,35,1.9875642654178345,-0.25311224597556137,0.030532148974106645,16.228571428571428,57.16435010105139,0
E11,C,否,2836,121,0.04266572637517631,0.00846262341325811,144309183.95,143427397.23,143868290.59,12022172.879999999,50884.761618476725,993033.98,467,0.07813700816400972,31,1.3118473344432464,13.595057876015439,0.07733809091059314,91.48387096774194,1117,66,0.05908683974932856,0.0008952551477170994,152676325.22,152494507.04,152585416.13,14487292.67,136684.266087735,990825.69,44,0.3976973237161436,21,1.3418131368607853,13.899011137755581,0.08675971090957407,53.19047619047619,1.0579806568159864,0
E12,B,否,1796,39,0.021714922048997772,0.007238307349665924,104619894.84,104130162.08,104375028.46,7092552.55,58251.61182628063,3592233.01,395,0.17632518067790465,36,1.3947051056715298,3.257617509456922,0.06376892142575823,49.888888888888886,285,22,0.07719298245614035,0.0035087719298245615,244497090.99,242695289.19,243596190.09,20887703.32,857884.5297894737,999909.91,5,0.5235167408843343,16,1.836828982990856,0.9120690637494174,0.0792452620751225,17.8125,2.337003792289417,0
E13,A,否,13469,214,0.01588833617937486,0.0029697824634345536,98520699.11,97763521.55,98142110.33,12360647.79,7314.626112554755,1237876.11,725,0.09491831085177277,38,0.5016874048420301,0.02526243381359041,0.11224282570279862,354.44736842105266,8005,1197,0.1495315427857589,0.00924422236102436,247515812.04,239809372.24,243662592.14000002,35643322.4,30920.15141036852,995344.81,3265,0.06434787959271934,38,1.0081075878944477,0.5620908251281517,0.12939906958101705,210.6578947368421,2.5123229359512003,0
E14,C,否,7077,550,0.07771654655927653,0.018369365550374453,127396543.49,123045721.43,125221132.46,15325354.94,18001.489824784512,909090.91,910,0.05616653865332015,36,1.243957178099601,0.2584713450215361,0.11075547970025522,196.58333333333334,3336,239,0.07164268585131894,0.01288968824940048,233617720.78,229133689.96,231375705.37,35843696.69,70029.2927997602,984957.26,829,0.009997220226980722,36,0.5573215301600208,0.25261555748548775,0.13527077590717115,92.66666666666667,1.8337838247419787,0
E15,A,否,92,0,0.0,0.0,4238459.0,4238459.0,4238459.0,565485.4400000001,46070.20652173913,122982.52,33,0.26163003851905003,20,2.2698535881557067,699.2382015965588,0.11771273524553919,4.6,2412,152,0.06301824212271974,0.0,225795391.29000002,225795391.29000002,225795391.29000002,8384021.72,93613.34630597016,97087.38,2,0.7330625496063781,29,1.2061975834254932,0.3855773514755311,0.03580170268699915,83.17241379310344,53.27299173827092,0
E16,A,否,290,1,0.0034482758620689655,0.0034482758620689655,317472.11,277666.29,297569.2,15582.13,1094.7314137931035,19902.91,77,0.08794116028757493,26,1.5213388155882528,6.08533653631553,0.05313627947253731,11.153846153846153,439,49,0.11161731207289294,0.0,233531842.41,233531842.41,233531842.41,4492793.03,531963.1945558087,999284.71,55,0.06424006721035043,36,1.0534717882510392,0.17728968708693993,0.01887532784871136,12.194444444444445,735.5979787011842,0
E17,A,否,7568,425,0.05615750528541226,0.01202431289640592,148674166.03,142609138.65,145641652.34,13639802.81,19645.10650502114,866254.18,874,0.01794909586799236,37,0.7790506332838179,0.908304899346207,0.08729532937982695,204.54054054054055,676,115,0.17011834319526628,0.019230769230769232,191918249.12,185588617.04,188753433.08,16040253.84,283902.7353846154,989527.11,197,0.0405980758364104,37,0.7656491072362479,0.6835600046781499,0.07955335845503199,18.27027027027027,1.2908648102406308,0
E18,A,否,5765,310,0.053772766695576756,0.005377276669557675,140838035.49,137661325.15,139249680.32,10765564.83,24429.841368603644,999285.71,646,0.04164174684814506,37,1.128856619227098,0.8411679451106561,0.07253109481341705,155.8108108108108,381,36,0.09448818897637795,0.005249343832020997,208741257.3,206663509.54,207702383.42,10811028.93,547877.3157480315,970873.78,49,0.12057356298989629,37,0.9883019340887128,0.19213198188135333,0.049711699613476136,10.297297297297296,1.482136956637835,0
E19,A,否,1524,40,0.026246719160104987,0.001968503937007874,191394726.16,191107886.02,191251306.09,30237854.26,125587.09065616797,2264755.74,167,0.1899293860402706,37,0.6016371013581556,0.10544277792444293,0.13660915372371493,41.189189189189186,3099,278,0.08970635688931913,0.021297192642787996,207620328.78,199187341.12,203403834.95,31652312.42,66995.91119070668,99999.68,516,0.01446624944158721,37,0.5431934592626649,0.20287798097582194,0.137118176771632,83.75675675675676,1.0847755993361903,0
E20,B,否,1130,89,0.07876106194690266,0.002654867256637168,194855069.29,194764637.33,194809853.31,29423723.98,172438.1144159292,5641478.53,71,0.06933480106710917,37,0.7750452308178937,0.2879951163262386,0.1312455464149358,30.54054054054054,777,40,0.05148005148005148,0.0,204845870.37,204845870.37,204845870.37,32393189.19,263636.8988030888,991379.31,26,0.32246543393618504,35,0.6713469231715317,0.3671532523481782,0.13654239419966785,22.2,1.0512729851802358,0
E21,B,否,2312,166,0.07179930795847751,0.009515570934256055,131968408.82000001,129954665.68,130961537.25,9299540.59,57079.76160034602,1652427.18,481,0.05896732252220564,37,1.0015739101771926,3.5206533999229426,0.06678103907302534,62.486486486486484,1466,38,0.02592087312414734,0.03137789904502047,129714091.86999999,121476861.07,125595476.47,11622586.77,88481.64520463847,97087.38,338,0.23141630927466594,34,1.195287916324962,4.07523818343646,0.08732257690483894,43.11764705882353,0.9829177530428905,0
E22,A,否,1610,90,0.055900621118012424,0.013664596273291925,74843323.78,72525770.26,73684547.02,9944702.44,46486.53650931677,858407.08,80,0.12532235761793253,37,1.1676927426021937,0.44993281962951165,0.12058500593509996,43.513513513513516,1562,196,0.12548015364916773,0.0076824583866837385,129413239.6,128233239.48,128823239.54,12582455.08,82850.985659411,99926.97,48,0.09003365680824034,36,0.9580858440891781,1.6474005980144395,0.08935406752291206,43.388888888888886,1.7291220253713857,0
E23,B,否,4951,149,0.030094930317107655,0.015148454857604524,177537812.03,175428325.69,176483068.86,27462104.2,35858.98041405777,999837.48,685,0.6613518190226623,37,0.4900925072576436,-0.11770253127076782,0.13535435956683112,133.8108108108108,3570,129,0.03613445378151261,0.010364145658263305,188591690.42,186376755.0,187484222.71,29276573.36,52826.80403921568,99998.33,119,0.05322745413388876,37,0.4011827922336147,-0.21772522463466665,0.13575757713846767,96.48648648648648,1.0622621077933083,0
E24,A,否,2047,43,0.021006350757205666,0.007816316560820713,78702930.09,77058977.59,77880953.84,11146866.49,38447.93849047387,996871.79,367,0.07864665725873092,36,0.7475116396955964,1.920474451621509,0.1263733328133013,56.861111111111114,1782,144,0.08080808080808081,0.015712682379349047,156844460.8,152763534.34,154803997.57,14922080.97,88015.97126823795,99999.09,49,0.13654390890060075,35,0.8242182716233463,2.5648958047123283,0.08898843793138478,50.91428571428571,1.9928668554098556,0
E25,C,否,1410,19,0.01347517730496454,0.00425531914893617,9394719.5,9258477.48,9326598.49,1046329.59,6662.921631205674,838214.56,368,0.06126743994882451,34,1.178872661632303,1.2761993214588028,0.10153800870723143,41.470588235294116,978,164,0.16768916155419222,0.023517382413087935,43126841.72,42114974.18,42620907.95,6455932.88,44096.97517382413,3978956.9,237,0.04299887811740578,34,1.2950972537216436,1.3223178059745837,0.13291769231373296,28.764705882352942,4.590540645731892,0
E26,A,否,791,33,0.041719342604298354,0.0012642225031605564,38722085.31,38586220.69,38654153.0,5789358.09,48953.33161820481,986171.72,117,0.08485089078428396,37,0.7919012365906185,0.23683551551800835,0.13046270604608437,21.37837837837838,504,54,0.10714285714285714,0.003968253968253968,40583311.62,40477233.64,40530272.63,6381596.63,80522.44369047618,99858.96,44,0.07516311699146765,36,0.8508712681624905,0.4019376928352672,0.13618770663350577,14.0,1.0480662726477525,0
E27,A,否,2565,90,0.03508771929824561,0.008576998050682261,47241760.61,47022389.63,47132075.12,4931994.45,18417.840393762184,282639.64,406,0.3637342397323539,37,0.671472481632106,0.5958681100765562,0.09492932189140486,69.32432432432432,1468,79,0.05381471389645776,0.01634877384196185,46517601.71,45943755.65,46230678.68,4800028.2,31687.739584468665,99881.81,181,0.06331875811742393,37,0.6490695576879965,0.6414448405228814,0.094593424511167,39.67567567567568,0.9846712127014439,0
E28,B,否,169,13,0.07692307692307693,0.0,1375638.21,1375638.21,1375638.21,158700.26,8139.871065088757,97087.38,61,0.10397061043846652,25,2.0635488618551636,1.3216809779266712,0.10343236717515139,6.76,569,44,0.0773286467486819,0.0,53576276.47,53576276.47,53576276.47,5207887.33,94158.6581195079,899099.1,6,0.3404500930178345,24,1.5096415630710898,2.0908714179378705,0.08859337265932156,23.708333333333332,38.946487587023334,0
E29,C,是,50,2,0.04,0.0,160844.9,160844.9,160844.9,26073.54,3216.8979999999997,142564.1,17,0.7884303362698665,18,5.670837905375796,-0.9407541148170486,0.13949153438258954,2.7777777777777777,475,6,0.01263157894736842,0.0,45658867.56,45658867.56,45658867.56,1825511.22,96123.93170526317,99902.91,4,0.40394445703816634,15,1.9638180450018272,1.4334273631311785,0.038444458301914,31.666666666666668,283.8689169504287,1
E30,B,否,754,14,0.01856763925729443,0.002652519893899204,22126991.55,22120861.61,22123926.580000002,3211212.75,29346.142639257294,444444.44,170,0.6378056977842808,32,1.322983670794477,3.560157100659908,0.12676469776476687,23.5625,800,53,0.06625,0.0,76657161.37,76657161.37,76657161.37,7127864.93,95821.45171250001,99999.99,7,0.23455336362343882,24,1.325248031567808,0.38922585792293884,0.0850732552673317,33.333333333333336,3.4644186127508148,0
E31,A,否,412,8,0.019417475728155338,0.0024271844660194173,4465265.34,4455268.9799999995,4460267.16,651302.6,10838.022669902912,128974.36,109,0.6659896191449982,37,1.043165554555473,-0.44504190752327843,0.12754204847550574,11.135135135135135,2608,107,0.04102760736196319,0.0023006134969325155,49236570.48,49185449.3,49211009.89,7280788.85,18879.053098159507,99982.3,153,0.06747096923095126,37,0.5170879770139915,0.5841775151748743,0.1289405685333405,70.48648648648648,11.026572158867495,0
E32,B,否,2826,15,0.005307855626326964,0.0021231422505307855,2473957.78,2415504.8,2444731.29,192357.92,875.427381457891,100000.0,272,0.10308400660819664,31,1.0696511996665856,3.122472300272737,0.07376075378691713,91.16129032258064,552,84,0.15217391304347827,0.0036231884057971015,47695969.910000004,47307620.39,47501795.15,1419485.0899999999,86405.74259057971,97087.38,13,0.5406338412051191,29,1.2596962801378622,0.8040534945745752,0.029131323849774463,19.03448275862069,19.27921741251381,0
E33,B,否,1293,160,0.12374323279195669,0.01082753286929621,84462951.17,83296658.79,83879804.98,1355086.96,65323.241430781134,949185.71,242,0.04158972285834243,34,0.9160669063069737,-0.2835176738911379,0.016007785167265733,38.029411764705884,1073,161,0.1500465983224604,0.0130475302889096,84192403.96,81818242.32,83005323.14,5628495.43,78464.49576887231,99999.0,90,0.05033170763161338,34,1.0226353327876239,-0.261110402108763,0.06436484167186671,31.558823529411764,0.9967968534576127,0
E34,B,否,2309,238,0.10307492420961455,0.019055868341273277,65286441.0,59542055.22,62414248.11,4210685.35,28274.768731052405,898058.25,451,0.037251988468317995,37,1.939210800711444,5.69178679586896,0.06604712695255352,62.4054054054054,707,111,0.157001414427157,0.004243281471004243,95860929.06,95346823.38,95603876.22,5605161.92,135588.30135785008,970873.79,71,0.270828605026369,35,1.5854647552216918,0.2876917991836106,0.05552304794544739,20.2,1.4683129849274523,0
E35,B,否,669,36,0.053811659192825115,0.017937219730941704,35584144.05,33742604.11,34663374.08,3952811.7,53190.05089686098,730750.46,103,0.04614438971854128,37,0.7868443378063837,0.6821028602380331,0.10486186755237706,18.08108108108108,770,33,0.04285714285714286,0.0025974025974025974,36520021.18,36486433.5,36503227.34,3746520.31,47428.59893506493,99911.5,32,0.1567856433771203,37,0.8768934169713665,0.9265241528391074,0.09312068727772091,20.81081081081081,1.0263003974097278,0
E36,D,是,1636,74,0.04523227383863081,0.003667481662591687,20818208.17,20698686.23,20758447.2,3013287.35,12725.066118581908,252762.37,418,0.053164990410745884,32,0.6649899168725049,0.5679080132762923,0.1270787241658187,51.125,1547,118,0.07627666451195864,0.023270846800258566,39861726.91,38068397.49,38965062.2,5352369.16,25767.11500323206,99914.53,203,0.028447577340970507,32,0.6796526897060507,0.8603832055622891,0.12326749555445725,48.34375,1.9147530173822829,1
E37,B,否,618,26,0.042071197411003236,0.003236245954692557,45454857.6,45277866.44,45366362.02,6874784.24,73551.54951456311,973467.24,79,0.0628306734601414,37,0.8098100151731554,0.7869171051625221,0.13182041852834162,16.7027027027027,1273,89,0.06991358994501179,0.010997643362136685,49585933.8,48604276.14,49095104.97,7411968.11,38952.02969363707,99999.99,280,0.023436105520747246,37,0.7599641861692922,0.6616703132792143,0.1323181910754397,34.4054054054054,1.0908830522879032,0
E38,B,否,991,33,0.033299697275479316,0.004036326942482341,14841035.13,14820769.27,14830902.200000001,1143083.04,14975.81748738648,977360.0,237,0.11884444591724352,31,2.715560693944461,1.165403922518575,0.07160446099115785,31.967741935483872,628,76,0.12101910828025478,0.006369426751592357,55201504.67,54424805.63,54813155.15,2056675.3599999999,87900.48514331211,98703.0,8,0.42818495457833233,24,1.536373818506365,0.6631705023766922,0.03641326898570759,26.166666666666668,3.7195184962815997,0
E39,C,否,282,3,0.010638297872340425,0.0,351069.36,351069.36,351069.36,23054.1,1244.9268085106382,64398.06,54,0.09927105599181865,26,2.376828693181817,4.683740455859159,0.061621636878906226,10.846153846153847,264,28,0.10606060606060606,0.022727272727272728,33007198.46,32281482.8,32644340.63,4166160.88,125027.26689393939,992000.0,2,0.9495523318190846,24,1.5700292192193988,1.3333368123321239,0.11430535582979558,11.0,94.01902364820445,0
E40,C,否,3148,80,0.025412960609911054,0.010800508259212199,4674274.57,4617177.51,4645726.04,229843.12,1484.8394440914867,120517.24,801,0.02110699624507219,34,1.2540322489791822,5.142776895269132,0.04741946394397748,92.58823529411765,883,83,0.09399773499433749,0.04756511891279728,40579818.35,35220921.65,37900370.0,823660.22,45956.759173272934,99982.53,535,0.013195974366623607,35,1.208399112388034,5.8221940522173465,0.022851152025307155,25.228571428571428,8.681522178959204,0
E41,C,否,2033,65,0.031972454500737824,0.006394490900147565,5836617.5200000005,5564172.58,5700395.05,323842.91,2870.9382784062964,213550.44,486,0.028164687566220623,34,0.9732764321035682,2.9744318845857953,0.05500034953202882,59.794117647058826,663,58,0.08748114630467571,0.027149321266968326,38020920.9,35743044.2,36881982.55,851285.75,57346.788687782806,99891.82,13,0.32595756257972214,38,0.8720308925934931,2.9159377065022944,0.023262777352752156,17.44736842105263,6.514204634741938,0
E42,A,否,47,0,0.0,0.0,10425.63,10425.63,10425.63,1343.3700000000001,221.821914893617,1003.54,7,0.6302470098323165,7,2.905090152380726,59.39585418997702,0.11414478715268928,6.714285714285714,327,33,0.10091743119266056,0.01834862385321101,30487312.4,29332112.4,29909712.4,0.0,93233.37125382262,99999.9,28,0.08250936551316075,19,1.6386040927711245,7.213370380356797,0.0,17.210526315789473,2924.2657182347734,0
E43,B,否,78,10,0.1282051282051282,0.1282051282051282,4344503.33,4229946.649999999,4287224.989999999,666583.1,55698.76064102564,775862.07,19,0.31741538740025504,14,3.2697270489336625,5.729276995899533,0.13613377923416067,5.571428571428571,245,31,0.12653061224489795,0.02040816326530612,21975354.66,21075963.78,21525659.22,1548067.8,89695.32514285714,99999.99,6,0.3674805841569768,13,1.6622018807643149,0.0,0.06842581502443254,18.846153846153847,5.058197218598979,0
E44,C,否,1248,26,0.020833333333333332,0.0016025641025641025,30502065.53,30319678.37,30410871.95,4570058.25,24440.75763621795,683760.68,211,0.05245309809696685,37,0.8621645642234468,1.0701570273224168,0.13098574803744106,33.729729729729726,2435,193,0.07926078028747434,0.023408624229979465,35699640.43,34794810.63,35247225.53,5185746.95,14661.043297741273,99998.78,33,0.3519285139953753,37,0.7927463333878693,1.0892576420373485,0.129706719062721,65.8108108108108,1.1704007518732782,0
E45,B,是,600,8,0.013333333333333334,0.0,24057221.91,24057221.91,24057221.91,3107771.4,40095.36985,466019.47,114,0.4013802247793768,29,1.602833970197626,7.869520186521342,0.11440354004637154,20.689655172413794,325,20,0.06153846153846154,0.021538461538461538,27267405.46,26219218.7,26743312.08,3651027.92,83899.70910769231,99973.45,64,0.10724026595473815,22,1.5681967464552873,4.844125830352571,0.12222958740338649,14.772727272727273,1.1334394953003948,1
E46,C,否,2544,52,0.020440251572327043,0.0066823899371069185,52773512.42,51908436.74,52340974.58,3231416.02,20744.30519654088,924679.65,441,0.07890637082212534,37,0.6677128561655256,-0.09075522357818745,0.058604001611410904,68.75675675675676,974,85,0.08726899383983573,0.039014373716632446,69121206.22,63843734.64,66482470.43,3880015.18,70966.33082135524,99056.6,148,0.04513122723606961,37,0.7382829814077726,-0.25043642170662245,0.05729179483286917,26.324324324324323,1.3097708121054414,0
E47,C,否,2905,94,0.03235800344234079,0.0037865748709122204,44062008.31,43879879.29,43970943.8,6963931.38,15167.644857142857,839295.84,375,0.15717308047016035,37,0.4791536718322867,-0.31565949102533125,0.13696714090136075,78.51351351351352,3518,162,0.04604889141557703,0.005969300739056282,53574212.839999996,52780652.66,53177432.75,8470269.67,15228.599442865263,99998.79,767,0.019854087562152657,37,0.5058907703050712,-0.3312452566459558,0.13828803465791012,95.08108108108108,1.215882228133509,0
E48,A,否,1235,25,0.020242914979757085,0.004048582995951417,13154473.54,13033991.7,13094232.62,1834853.75,10651.395578947368,99995.69,233,0.13506906633371613,38,1.053149284881993,3.840168445850238,0.12340257057416654,32.5,1016,56,0.05511811023622047,0.005905511811023622,53129820.55,52985940.51,53057880.53,7743413.35,52293.13046259842,99575.22,59,0.06353978642894112,36,0.8545109656682401,3.871993477951102,0.12750692799813035,28.22222222222222,4.038916524362859,0
E49,C,否,3615,97,0.026832641770401105,0.0052558782849239285,27443315.52,27258672.32,27350993.92,1362423.63,7591.511900414937,224629.4,715,0.11232549206008173,37,1.2796203626646085,2.669198196215195,0.047602077585711736,97.70270270270271,513,52,0.10136452241715399,0.025341130604288498,42775091.23,41293664.53,42034377.879999995,2596166.48,83382.24411306043,94339.62,295,0.05994876418711695,29,1.4434372532292983,0.39563868487628895,0.059151890546319974,17.689655172413794,1.5586706787970492,0
E50,C,否,197,11,0.05583756345177665,0.005076142131979695,2714388.64,2693857.66,2704123.15,307377.63,13778.622538071068,954353.98,66,0.6078273767858469,28,4.074196503345954,54.37354333940201,0.10241703841887052,7.035714285714286,285,30,0.10526315789473684,0.06315789473684211,24588535.05,21292209.13,22940372.09,1106353.13,86275.56157894737,97087.38,5,0.3100374943369722,13,1.972276703342223,3.139488010402377,0.04939393507304517,21.923076923076923,9.058590464039078,0
E51,B,否,453,2,0.004415011037527594,0.008830022075055188,20696871.97,20557244.87,20627058.419999998,2195047.03,45688.459094922735,761061.95,61,0.2830102417636632,37,0.8675196412277494,1.6668645616141078,0.0964758644820305,12.243243243243244,895,61,0.06815642458100558,0.0033519553072625698,29612237.919999998,29359283.96,29485760.939999998,2885996.89,33086.299351955306,98108.11,132,0.10360094734634741,37,0.7048361929390767,1.5452633969909628,0.08950137241555457,24.18918918918919,1.4307591003569415,0
E52,D,是,425,16,0.03764705882352941,0.004705882352941176,17029672.04,16993550.78,17011611.41,2225471.7600000002,40069.81656470588,881415.93,131,0.13146978012261273,29,2.3418704624886493,11.85556705592809,0.11579526249933834,14.655172413793103,379,93,0.24538258575197888,0.013192612137203167,22260377.21,22005202.61,22132789.91,2966474.92,58734.504511873354,99137.93,13,0.40079955583688454,24,2.143143829857419,8.998010108674052,0.1187935779018527,15.791666666666666,1.3071524312220402,1
E53,C,否,630,31,0.049206349206349205,0.0015873015873015873,34875940.589999996,34734922.29,34805431.44,2473168.66,55358.63585714285,235384.62,63,0.4364705282794873,31,0.9348710735709518,1.9204639785394175,0.06646857166962498,20.322580645161292,454,58,0.1277533039647577,0.00881057268722467,40694662.33,40233803.85,40464233.089999996,2414029.13,89635.82011013216,943396.23,46,0.08397080219331422,30,1.3468310032788051,1.551887752909111,0.05660379347133712,15.133333333333333,1.1668405680696798,0
E54,A,否,1644,89,0.054136253041362534,0.012165450121654502,9379203.9,8806043.64,9092623.77,699056.17,5705.111861313869,104761.9,459,0.033249391095025206,38,0.851631548405733,0.049110555039020225,0.07354537921469759,43.26315789473684,3501,286,0.08169094544415881,0.010568409025992574,37782635.33,37213236.41,37497935.87,4258121.51,10791.955249928591,99145.3,1132,0.01567742797593026,38,0.6977904021821869,0.42215469888346263,0.10267620168633243,92.13157894736842,4.0283413957979946,0
E55,C,否,823,71,0.08626974483596597,0.03645200486026731,12649275.8,11546892.2,12098084.0,811001.28,15369.715431348724,724137.93,137,0.0558814434046385,38,1.331494450483102,8.784676138066517,0.06562617498787504,21.657894736842106,590,147,0.24915254237288137,0.12542372881355932,40062908.71,26018762.990000002,33040835.85,2389309.29,67903.23510169491,99905.66,24,0.1684109476326459,27,1.8783719160899495,0.5264992912932542,0.08410670271640128,21.85185185185185,3.1672096761460447,0
E56,C,否,1201,49,0.04079933388842631,0.005828476269775187,28229515.6,27666204.86,27947860.23,4096530.4899999998,23505.00882597835,760475.0,163,0.1067023585172991,36,0.9501695583116414,1.222962372378655,0.12897284962581157,33.361111111111114,495,37,0.07474747474747474,0.01616161616161616,28790221.07,28113166.93,28451694.0,4155987.2,58162.06276767677,99230.77,39,0.20641641382853346,35,0.786311719060727,2.3420599675681557,0.12879132757112652,14.142857142857142,1.019862383681851,0
E57,B,否,130,8,0.06153846153846154,0.0,29037818.42,29037818.42,29037818.42,4104852.13,223367.834,2996234.48,41,0.6115326693470403,30,1.8049934986448017,3.6443618111252873,0.12385399431851155,4.333333333333333,438,52,0.1187214611872146,0.02054794520547945,37912524.28,36405259.339999996,37158891.81,5412862.5,86558.27461187216,97643.81,25,0.11692705412295845,28,1.2190633826422637,1.429754471567557,0.1294382019524959,15.642857142857142,1.3056257784809167,0
E58,B,否,1352,39,0.028846153846153848,0.0073964497041420114,7717437.69,7640162.89,7678800.29,468865.79000000004,5708.163971893491,889704.04,354,0.1636467740515617,29,2.591742646387421,3.8489201996236915,0.05782021602123623,46.62068965517241,388,104,0.26804123711340205,0.015463917525773196,31831517.24,31014154.56,31422835.9,2097645.16,82039.99288659793,99082.57,23,0.22118002201523992,25,1.6200794950334383,2.5239982821189835,0.06335038197072063,15.52,4.12462251314918,0
E59,A,否,549,17,0.030965391621129327,0.0018214936247723133,19332195.23,19319748.65,19325971.94,3048346.53,35213.47036429872,99274.49,76,0.14590791597366823,37,0.6538050488244675,0.22428458683949318,0.13628100674060167,14.837837837837839,2149,82,0.03815728245695672,0.0009306654257794323,28260259.8,28220277.0,28240268.4,4440005.19,13150.423359702187,99999.46,186,0.027853546478020325,37,0.7445681804319306,0.49244814908318724,0.13594509576403632,58.08108108108108,1.4618236296385674,0
E60,B,否,538,8,0.01486988847583643,0.0,4816313.87,4816313.87,4816313.87,679213.7,8952.25626394052,190689.66,129,0.26798023650892705,28,3.1031929958935947,-0.4532120417101183,0.12359390274153423,19.214285714285715,513,89,0.17348927875243664,0.001949317738791423,11971098.24,11826973.96,11899036.1,355195.04,23335.474152046783,97203.88,8,0.3065533696313059,21,1.686630748818372,13.243316351153386,0.029156962114053744,24.428571428571427,2.485531168258351,0
E61,B,否,212,3,0.014150943396226415,0.009433962264150943,947684.31,839842.91,893763.61,103077.89,4470.209009433963,53656.55,44,0.09845327082090909,32,1.148330199743318,0.5671291571138419,0.10931765425049483,6.625,1992,37,0.01857429718875502,0.020080321285140562,18049096.16,17293032.16,17671064.16,1839093.6400000001,9060.79124497992,93600.0,66,0.13920338186171097,37,0.5591486844888794,0.014284040200704099,0.09612594330735584,53.83783783783784,19.04547323359189,0
E62,B,否,530,3,0.005660377358490566,0.0,1228031.42,1228031.42,1228031.42,71559.56,2317.0404150943396,97087.38,148,0.19979552491234395,36,2.0470546034355235,0.9761972979157164,0.05506313994269182,14.722222222222221,219,28,0.1278538812785388,0.1095890410958904,14379049.879999999,11236512.66,12807781.27,674190.7,65657.76200913242,94338.68,30,0.14901588406774932,27,1.0945048023507769,0.033342663766513986,0.05660376886424279,8.11111111111111,11.709024415678224,0
E63,B,否,1573,47,0.029879211697393517,0.017800381436745075,39747790.56,36243987.98,37995889.27,3927694.33,25268.779758423396,470405.66,293,0.7695133152473217,38,1.230809534881981,-0.6885604213949804,0.09777271212319312,41.39473684210526,673,48,0.0713224368499257,0.004457652303120356,50382952.86,49976954.58,50179953.72,8344627.1,74863.22861812779,99999.23,42,0.1805627366002568,23,1.3443480066536488,-0.815210202201933,0.14307957465532165,29.26086956521739,1.2675661250641348,0
E64,A,否,32,0,0.0,0.0,86955.16,86955.16,86955.16,3678.89,2717.34875,25097.14,21,0.43646066794377225,19,2.9911652428658453,-0.19735089535242648,0.04059059481508329,1.6842105263157894,1375,92,0.0669090909090909,0.0,9356783.72,9356783.72,9356783.72,62260.54,6804.933614545455,9999.58,186,0.0741630426864226,34,0.9462746482293746,0.7080073665554265,0.006610069799162405,40.44117647058823,107.60469786956864,0
E65,B,否,587,8,0.013628620102214651,0.0,4714790.01,4714790.01,4714790.01,484325.08,8032.010238500851,99995.3,38,0.8337658761440228,33,1.1924305060995364,0.07646233500854827,0.09315529116321217,17.78787878787879,485,30,0.061855670103092786,0.01443298969072165,8353201.63,8226616.29,8289908.96,801170.58,17223.0961443299,98630.03,58,0.18503808490083548,36,0.6369582275599072,0.648990287505886,0.08874495948307651,13.472222222222221,1.7717017326928628,0
E66,B,否,577,2,0.0034662045060658577,0.0017331022530329288,5138815.45,5136339.35,5137577.4,320218.96,8906.092634315424,99998.0,30,0.7901621499470747,32,1.3142711398231417,6.1154642526062855,0.05868515313272626,18.03125,679,51,0.07511045655375552,0.008836524300441826,5243092.5,5207530.6,5225311.55,294339.96,7721.785714285715,99998.0,156,0.16857481421247397,27,1.565778131953966,43.18594306485622,0.053498161541626676,25.14814814814815,1.0202920402599787,0
E67,B,否,647,20,0.030911901081916538,0.0030911901081916537,1315149.21,1306990.79,1311070.0,69419.76,2032.688114374034,20368.87,196,0.05906306960680233,38,2.4246186308264486,11.904526629737216,0.050435358839700836,17.026315789473685,215,23,0.10697674418604651,0.013953488372093023,6501928.65,6279182.47,6390555.5600000005,189247.53,30241.528604651165,97087.38,24,0.12861475000531772,25,1.668677565021591,5.6644615516647585,0.029257104119546785,8.6,4.94387146383185,0
E68,C,否,3,0,0.0,0.0,698.1099999999999,698.1099999999999,698.1099999999999,41.89,232.7033333333333,264.15,2,0.6318488594998483,3,3.673549866166555,2.111124197632648,0.05660810810810811,1.0,73,8,0.1095890410958904,0.0,6451400.16,6451400.16,6451400.16,99078.03,88375.34465753425,99987.0,8,0.4656854940094276,11,2.6584637684048786,3.134185014249805,0.015125312553708387,6.636363636363637,9241.237283522656,0
E69,C,否,1,0,0.0,0.0,3155.34,3155.34,3155.34,94.66,3155.34,3155.34,1,1.0,1,6.4031242374328485,0.0,0.029126153846153847,1.0,587,64,0.10902896081771721,0.06814310051107325,4787988.51,4069297.91,4428643.21,122078.94,8156.709557069847,9999.99,22,0.740434175456574,19,1.5515704964203658,0.0,0.02912621421765022,30.894736842105264,1517.4239574816024,0
E70,B,否,1829,42,0.022963367960634227,0.0032804811372334607,5738126.41,5700243.53,5719184.97,805373.66,3137.3025751776927,263922.42,188,0.06636535271826566,38,1.1344584504688726,1.937499131731605,0.12379665702402019,48.13157894736842,578,109,0.18858131487889274,0.02422145328719723,11412177.92,11023808.42,11217993.17,1645629.45,19744.252456747403,99863.25,59,0.144440564892489,35,1.2391034834539312,0.48177618817824985,0.12988969730825162,16.514285714285716,1.98883348057855,0
E71,B,否,1259,54,0.04289118347895155,0.011119936457505957,13893261.9,11809671.44,12851466.67,122558.67,11035.156393963463,188888.0,283,0.38239975362167783,35,2.8683451545329217,-0.8504782830458126,0.010271229172599322,35.97142857142857,375,16,0.042666666666666665,0.0026666666666666666,12832340.52,12757514.12,12794927.32,597.0,34219.57472,99999.0,289,0.09792599537271116,17,2.437827537506837,-0.16646153105629982,4.6793760799286726e-05,22.058823529411764,0.9236377038282132,0
E72,C,否,117,3,0.02564102564102564,0.017094017094017096,2282624.05,1416070.05,1849347.05,132512.72,19509.607264957263,347062.17,54,0.7224585170458496,31,2.2839071403947258,3.2830072250529265,0.08557031794948874,3.774193548387097,248,72,0.2903225806451613,0.0,4427068.84,4427068.84,4427068.84,83541.91,17851.084032258063,99990.0,29,0.12339586116669835,18,1.8774161556493638,7.776511777384855,0.018521196935470437,13.777777777777779,1.9394647313910498,0
E73,C,否,606,6,0.009900990099009901,0.0033003300330033004,814397.98,789814.3,802106.14,80964.16,1343.8910561056105,25641.03,118,0.07621427801483174,38,0.8271926611210874,0.4039901941685013,0.09297905692338784,15.947368421052632,236,13,0.05508474576271186,0.029661016949152543,7166790.53,6549961.37,6858375.95,1054779.81,30367.75648305085,99419.83,61,0.4138883368270252,37,0.8601209517616912,-0.44457004445685694,0.13870029038910697,6.378378378378378,8.80010843101551,0
E74,B,否,19,0,0.0,0.0,337049.71,337049.71,337049.71,265.28999999999996,17739.458421052634,64800.0,8,0.39338336447595834,8,3.937884730916319,693.6076072150906,0.0007864755495604997,2.375,555,43,0.07747747747747748,0.025225225225225224,4473870.2,4312434.4,4393152.3,0.0,8061.0273873873875,9990.0,22,0.13679352622298435,28,0.8554843423416859,2.215032389986123,0.0,19.821428571428573,13.273621270880192,0
E75,C,否,552,14,0.025362318840579712,0.0036231884057971015,2603390.59,2591545.93,2597468.26,167134.32,4716.287300724637,105440.77,56,0.170637840296598,33,1.279815720307102,0.8424131987322818,0.0605848829345119,16.727272727272727,8655,591,0.0682842287694974,0.0013864818024263432,7097779.7299999995,7086397.19,7092088.46,212603.71,820.0785361062968,9708.74,7978,0.007989540918555204,37,0.5417236800838688,-0.2500979777059234,0.029127782406493465,233.9189189189189,2.726359908214925,0
E76,B,否,350,4,0.011428571428571429,0.005714285714285714,891823.28,874397.18,883110.23,63113.43,2548.066514285714,99811.32,102,0.13123941165183167,34,2.210823749474859,-0.2745436881719359,0.06732023011451573,10.294117647058824,245,22,0.08979591836734693,0.004081632653061225,4306048.67,4291331.69,4298690.18,281786.11,17575.708857142858,99056.6,73,0.0983813070098493,36,1.2642766353558261,1.0359586067339095,0.061617942577381235,6.805555555555555,4.828365402168017,0
E77,C,否,54,1,0.018518518518518517,0.0,751080.41,751080.41,751080.41,58694.59,13908.896481481483,93241.85,16,0.9219889050111376,17,2.251815581895834,0.2910590349185983,0.07248259084313544,3.176470588235294,258,6,0.023255813953488372,0.023255813953488372,4603305.78,4499093.5200000005,4551199.65,224954.47,17842.27046511628,93476.19,2,0.9872947260213956,15,2.1080594912687793,-0.47530010324804606,0.04761900608888607,17.2,6.128912056167195,0
E78,C,否,52,0,0.0,0.0,3219546.28,3219546.28,3219546.28,529422.34,61914.35153846153,230394.02,16,0.39415821862162176,22,1.2932972578058204,-0.6865871376388021,0.14121813054812926,2.3636363636363638,268,20,0.07462686567164178,0.0,10103627.05,10103627.05,10103627.05,851722.6,37700.10093283583,99554.27,39,0.23608671441359189,32,0.9363912205634698,-0.6879811799934671,0.07774490337695429,8.375,3.138214571650761,0
E79,B,否,154,2,0.012987012987012988,0.0,2926384.5,2926384.5,2926384.5,398068.08,19002.496753246753,82035.85,46,0.523660806830661,38,0.763544933077341,-0.16806157800626179,0.11973943692107047,4.052631578947368,86,12,0.13953488372093023,0.0,3629591.93,3629591.93,3629591.93,224954.16,42204.557325581394,99000.0,15,0.2286063941858119,24,1.2472739330272018,1.4331323393089528,0.05836073943534036,3.5833333333333335,1.2402990550284831,0
E80,C,否,395,5,0.012658227848101266,0.0,2465390.84,2465390.84,2465390.84,137644.89,6241.495797468354,952380.95,106,0.4002374896363507,33,3.505783435706244,0.03578513541711295,0.052878601862295614,11.969696969696969,48,1,0.020833333333333332,0.0,3707580.9299999997,3707580.9299999997,3707580.9299999997,169874.59,77241.26937499999,93538.9,39,0.061757310570278424,8,2.923546411880027,5.031775863680861,0.04381084170373668,6.0,1.5038511824762033,0
E81,A,否,211,6,0.02843601895734597,0.014218009478672985,2190570.65,2050136.67,2120353.66,308099.86,10381.851421800948,81126.55,68,0.47060695231977645,36,0.8660979762874266,0.5059187684148938,0.1306484129477886,5.861111111111111,649,40,0.061633281972265024,0.004622496147919877,3604156.73,3584554.35,3594355.54,562882.54,5553.400200308166,9137.93,121,0.045124276642599936,37,0.5898532478040579,0.27131942987772545,0.1357181688182361,17.54054054054054,1.6453049482791162,0
E82,D,是,315,4,0.012698412698412698,0.009523809523809525,1547542.12,1546915.64,1547228.8800000001,230092.68,4912.832126984127,94171.1,68,0.06432337165446121,35,1.1490816582454149,0.6587433079349045,0.12948317540798007,9.0,343,8,0.023323615160349854,0.0058309037900874635,3038598.14,3009910.42,3024254.28,481410.79,8858.886705539358,9997.45,8,0.9556624814351489,26,1.4457170548720777,0.541047844137911,0.1378878542086364,13.192307692307692,1.9634994748963601,1
E83,B,否,2890,191,0.06608996539792387,0.01903114186851211,38808315.07,38256342.83,38532328.95,2929777.33,13428.482723183391,576013.94,262,0.051433093530241565,35,0.8086790172936518,1.8526536347586866,0.07113506488638381,82.57142857142857,706,57,0.08073654390934844,0.00424929178470255,3638468.63,3621342.41,3629905.52,108640.02,5153.63828611898,9707.77,186,0.031018741550458293,23,2.0565864378981233,0.5554427311290956,0.02912614792129195,30.695652173913043,0.09375487246578881,0
E84,A,否,54,1,0.018518518518518517,0.0,1438394.46,1438394.46,1438394.46,224469.19,26636.934444444443,194700.85,19,0.1241227708714026,18,1.7013149089856332,-0.3273897451676396,0.1349895344696482,3.0,498,53,0.10642570281124498,0.012048192771084338,5764740.26,5600778.8,5682759.53,870836.99,11575.783654618474,99914.53,35,0.08692338806852097,32,0.9671525087239768,0.5472843088533998,0.13456252939885976,15.5625,4.007760333003508,0
E85,B,否,229,1,0.004366812227074236,0.004366812227074236,412785.91,412098.47,412442.19,23912.95,1802.5585589519649,95242.72,38,0.1488443085740207,31,2.6933328858373593,2.6739868697691422,0.054844779065649246,7.387096774193548,293,46,0.15699658703071673,0.0,3030215.17,3030215.17,3030215.17,91095.03,10342.031296928328,97086.41,26,0.12979857494159056,37,1.4193216212999167,1.683068261974203,0.029184869225750133,7.918918918918919,7.340888088936951,0
E86,C,否,138,1,0.007246376811594203,0.007246376811594203,1756431.15,1752716.11,1754573.63,10067.47,12727.76195652174,99857.14,36,0.4261605951200561,23,4.149356680254488,-0.2801823057565979,0.005711120817224766,6.0,22,3,0.13636363636363635,0.2727272727272727,7376954.53,4202962.29,5789958.41,126088.87,335316.115,977281.55,7,0.2628442549243446,13,1.9121351908411557,0.8517825167391424,0.029126213883783253,1.6923076923076923,4.1999679463667,0
E87,C,是,379,8,0.021108179419525065,0.0,1628496.66,1628496.66,1628496.66,169753.45,4296.824960422164,120000.0,82,0.0794330657184787,31,1.4838337189750368,-0.30410563047956,0.09439924349566702,12.225806451612904,74,3,0.04054054054054054,0.0,4102904.02,4102904.02,4102904.02,430102.77,55444.648918918916,99588.65,13,0.3405122995521552,22,1.8818333592093803,-0.13277450507268432,0.09488244556545215,3.3636363636363638,2.5194426987648844,1
E88,A,否,214,0,0.0,0.0,648069.0599999999,648069.0599999999,648069.0599999999,35389.4,3028.3600934579435,16037.74,26,0.4164434983872942,32,1.5185351543059917,4.194153991668604,0.051779884325376564,6.6875,400,36,0.09,0.01,2858679.71,2787946.67,2823313.19,210473.26,7146.699275,9708.74,91,0.0441883804992055,35,1.0489067169299302,1.6081870464075763,0.07019472419261834,11.428571428571429,4.411072656361654,0
E89,A,否,65,2,0.03076923076923077,0.0,2687702.12,2687702.12,2687702.12,135740.57,41349.263384615384,99495.24,12,0.9779828338894047,16,6.328942518185432,-0.9909767366347745,0.04807626182063572,4.0625,172,7,0.040697674418604654,0.0,1970635.93,1970635.93,1970635.93,312510.23,11457.185639534884,86206.9,25,0.1031523895417821,23,1.7059607670819958,1.2605979635247693,0.13687701447900294,7.478260869565218,0.7332047384774917,0
E90,C,否,139,4,0.02877697841726619,0.0,760336.59,760336.59,760336.59,27539.98,5470.047410071942,77013.0,36,0.11801166614947098,23,2.557331740111107,6.705035222578645,0.03495468839744784,6.043478260869565,261,74,0.2835249042145594,0.022988505747126436,4794065.88,4559532.3,4676799.09,273471.86,18368.068505747127,98700.0,54,0.3960557127326357,32,1.616618802330839,1.5935705761045504,0.05658423848739248,8.15625,6.305188969006476,0
E91,A,否,177,9,0.05084745762711865,0.005649717514124294,1436037.85,1405003.37,1420520.61,210178.81,8113.208192090396,61538.46,35,0.17087606760872126,36,0.8631602279369144,0.09157165532751571,0.13012699904849123,4.916666666666667,129,6,0.046511627906976744,0.007751937984496124,2496331.98,2481853.34,2489092.66,380428.06,19351.41069767442,71452.99,73,0.0392595336571211,37,0.4598286082839833,0.3321141641874944,0.13291078228716435,3.4864864864864864,1.738346924490883,0
E92,C,否,213,1,0.004694835680751174,0.0,149058.96,149058.96,149058.96,10707.45,699.8073239436619,28200.0,89,0.05918919395254324,30,1.6033588012059146,0.060572403356872875,0.06701940664498877,7.1,39,3,0.07692307692307693,0.05128205128205128,2681398.0,2436737.82,2559067.91,73102.18,68753.79487179487,94660.19,13,0.3829434658787047,12,2.604105202581825,4.5788046622885945,0.029126231154177156,3.25,17.98884146246559,0
E93,B,否,213,5,0.023474178403755867,0.004694835680751174,328186.49,317301.52999999997,322744.01,18085.3,1540.7816431924882,20258.62,66,0.15798018578243686,29,1.7062372193137818,11.690215512965151,0.05392370356343449,7.344827586206897,148,7,0.0472972972972973,0.033783783783783786,1624766.03,1538579.6099999999,1581672.82,46157.39,10978.148851351352,87184.46,29,0.11455531406648933,35,1.2697327650169743,1.701347394697325,0.02912621463372156,4.228571428571429,4.950740141679812,0
E94,C,否,4,0,0.0,0.0,14049.869999999999,14049.869999999999,14049.869999999999,2296.13,3512.4674999999997,13210.25,4,0.8852492215161686,3,6.1370497299888545,-0.9808388680460651,0.14047045148660223,1.3333333333333333,196,18,0.09183673469387756,0.04591836734693878,1348459.92,1173702.6,1261081.26,35210.89,6879.897551020408,9708.74,61,0.13084319098935543,24,2.0216070495063097,4.084029305031111,0.029126062610154182,8.166666666666666,95.97668305827742,0
E95,B,否,4,0,0.0,0.0,1073.58,1073.58,1073.58,64.42,268.395,281.13,1,1.0,3,3.860632933129514,-0.03113996478873243,0.05660808435852373,1.3333333333333333,913,49,0.05366922234392114,0.0,2454001.88,2454001.88,2454001.88,73620.57,2687.8443373493974,9707.77,489,0.03204912201636108,35,0.9335152356457516,0.10777702561182556,0.029126410868838423,26.085714285714285,2285.811844482945,0
E96,C,否,11,0,0.0,0.0,2319001.3699999996,2319001.3699999996,2319001.3699999996,116468.59,210818.30636363634,2310881.9,6,0.993015718615274,7,6.380169704033383,318.33591323999076,0.04782181341296445,1.5714285714285714,20,2,0.1,0.0,1531537.23,1531537.23,1531537.23,47812.77,76576.8615,99223.3,3,0.6661872976071543,4,4.104174045703141,28.231629951724532,0.030273701206192417,5.0,0.6604296357099609,0
E97,B,否,9,0,0.0,0.0,18754.7,18754.7,18754.7,1125.3,2083.855555555556,3773.58,2,0.9722278055758364,9,2.3428408916478443,0.0,0.056604627766599594,1.0,264,9,0.03409090909090909,0.015151515151515152,1002851.3,979919.26,991385.28,29397.64,3798.679166666667,9677.67,67,0.11093175991294334,19,1.5417189629940358,0.0,0.02912627342314391,13.894736842105264,53.47199901891259,0
E98,B,否,51,1,0.0196078431372549,0.0196078431372549,202927.03,199513.35,201220.19,9975.630000000001,3978.9613725490194,97087.38,27,0.27071640576263534,20,3.228946617349434,3.3562604376735647,0.047618877136162495,2.55,153,20,0.13071895424836602,0.0392156862745098,1946432.45,1762947.59,1854690.02,51934.409999999996,12721.780718954247,88571.84,25,0.1771631766893114,31,1.4939522761093789,0.4739390678037294,0.028615860425085484,4.935483870967742,9.591785037212638,0
E99,D,是,880,9,0.010227272727272727,0.0125,6602816.41,6384915.51,6493865.96,617104.1,7503.200465909091,909090.91,81,0.39270597027878024,25,3.156653169840503,19.03038132048025,0.08813230101764881,35.2,8,3,0.375,0.0,1488102.0,1488102.0,1488102.0,62960.66,186012.75,423492.64,3,0.6738643400536097,4,3.204266403073954,0.0,0.04059195132709855,2.0,0.22537382650019797,1
E100,D,是,58,0,0.0,0.0,21068.8,21068.8,21068.8,2254.22,363.2551724137931,2465.49,21,0.11799981559953837,27,1.8136134637860997,2.2774859862227466,0.09665214882120754,2.1481481481481484,99,1,0.010101010101010102,0.15151515151515152,940148.91,690766.21,815457.56,20723.0,9496.453636363636,91000.0,13,0.16474799105417806,29,2.2904990318094023,-0.36544891412224684,0.02912623228678338,3.413793103448276,44.622802912363305,1
E101,D,是,16,0,0.0,0.0,45901.770000000004,45901.770000000004,45901.770000000004,7256.23,2868.8606250000003,34883.62,6,0.6089734056940349,12,5.030716612095563,74.98539178854153,0.13650306633056172,1.3333333333333333,63,31,0.49206349206349204,0.0,628887.98,628887.98,628887.98,97077.43000000001,9982.348888888888,62803.65,2,0.6948407739494273,4,3.553037724278321,0.0,0.1337218394468684,15.75,13.700734851836867,1
E102,D,是,730,20,0.0273972602739726,0.009589041095890411,3259929.83,3222107.37,3241018.6,486776.47,4465.6573013698635,56026.13,70,0.1546673321685808,38,0.5152589258070528,0.11474949293204369,0.13124608130083684,19.210526315789473,177,26,0.14689265536723164,0.01694915254237288,456986.76,403228.46,430107.61,61782.55,2581.8461016949154,9994.87,105,0.30983939920700265,22,1.5434429786828077,0.339212463205954,0.1328625530823453,8.045454545454545,0.14018300510474485,1
E103,D,是,172,3,0.01744186046511628,0.0,712239.1699999999,712239.1699999999,712239.1699999999,57322.04,4140.925406976744,93500.7,66,0.1149587668169175,28,2.693209747282845,12.483258646575386,0.07448665454434743,6.142857142857143,64,10,0.15625,0.03125,1964107.5399999998,1939322.7999999998,1951715.17,145946.94,30689.180312499997,94339.62,20,0.21910372121449664,16,3.471694126074891,1.7706840850258396,0.06998947771620184,4.0,2.7576516747878386,1
E104,C,否,1,0,0.0,0.0,264.15,264.15,264.15,15.85,264.15,264.15,1,1.0,1,6.403124237432848,0.0,0.056607142857142856,1.0,21,2,0.09523809523809523,0.047619047619047616,398961.19,282067.99,340514.58999999997,8462.01,18998.151904761904,58446.6,10,0.2569947367789922,10,2.4693122319544765,0.0,0.0291261143427529,2.1,1510.3584705659664,0
E105,C,否,6,0,0.0,0.0,7436.92,7436.92,7436.92,1043.08,1239.4866666666667,2871.79,4,0.6137738988609529,5,3.8304034872884194,-0.8244068225288883,0.12300471698113206,1.2,122,1,0.00819672131147541,0.03278688524590164,986818.39,934719.37,960768.88,28239.52,8088.675327868853,9999.86,101,0.027011619517582595,23,1.3044749551986252,-0.20379147494553232,0.029325779421383192,5.304347826086956,132.69181193289694,0
E106,B,否,36,1,0.027777777777777776,0.0,59073.130000000005,59073.130000000005,59073.130000000005,2387.9700000000003,1640.920277777778,11133.02,19,0.3909931689117001,18,2.8020451814438756,1.0525371975754492,0.03885335602519318,2.0,153,15,0.09803921568627451,0.026143790849673203,683789.03,639905.53,661847.28,19292.329999999998,4469.209346405229,9902.91,105,0.05062559321773944,31,1.187466530197663,1.7929455559336196,0.029266372314982938,4.935483870967742,11.575297093619383,0
E107,D,是,9,0,0.0,0.0,104637.38,104637.38,104637.38,6272.62,11626.375555555556,67200.0,7,0.682195446800918,7,4.343792383210336,-0.7683790832009951,0.05655594626273555,1.2857142857142858,54,20,0.37037037037037035,0.0,886320.6699999999,886320.6699999999,886320.6699999999,53179.33,16413.34574074074,94339.62,4,0.4956950093049966,10,4.601316436433453,17.172419666589665,0.05660386375731773,5.4,8.47040197298518,1
E108,D,是,218,0,0.0,0.01834862385321101,100292.26,99297.0,99794.63,6925.95,460.05623853211006,9707.77,70,0.0760689676012464,25,2.053722779578118,4.759400031676602,0.0652020114297334,8.72,33,0,0.0,0.030303030303030304,191473.05,191471.11,191472.08,5744.15,5802.213636363636,9708.74,19,0.22004125319310536,4,3.446734799009251,0.0,0.029126295804898665,8.25,1.9091508158256678,1
E109,D,是,10,0,0.0,0.0,3257.4399999999996,3257.4399999999996,3257.4399999999996,113.56,325.74399999999997,739.81,7,0.1794080457680902,7,2.8713767278478555,10.331781184932805,0.033687333135568084,1.4285714285714286,33,10,0.30303030303030304,0.0,662413.36,662413.36,662413.36,20629.64,20073.132121212122,80718.45,17,0.21481912605133263,12,2.7805371339834757,24.485764926578437,0.03020254947345921,2.75,203.35397121666097,1
E110,C,否,3,0,0.0,0.0,963.3899999999999,963.3899999999999,963.3899999999999,76.61,321.12999999999994,435.09,1,1.0,3,3.7236267685425517,0.21423153830242014,0.07366346153846154,1.0,83,21,0.25301204819277107,0.0,267383.62,267383.62,267383.62,8021.58,3221.4893975903615,9708.74,37,0.19291326580921536,21,1.750781275486819,1.266747400883542,0.02912646529549914,3.9523809523809526,277.5445250625396,0
E111,D,是,278,14,0.050359712230215826,0.014388489208633094,1110777.47,597956.99,854367.23,55339.63,3995.6024100719424,92456.9,96,0.16262992398349402,30,2.8125223318049346,14.554728113899339,0.08470827539257741,9.266666666666667,250,46,0.184,0.112,5349379.16,1409005.92,3379192.54,258589.28,21397.51664,97087.38,11,0.35125626220014194,30,3.006585865026728,2.6189397471136107,0.15506717697436403,8.333333333333334,4.8158873442040555,1
E112,D,是,106,4,0.03773584905660377,0.018867924528301886,862068.07,849334.69,855701.38,139319.2,8132.717641509434,51911.17,25,0.27791103113291815,26,1.4299681232484323,-0.6682483171212533,0.14091807194527906,4.076923076923077,22,6,0.2727272727272727,0.045454545454545456,1604986.49,1435233.49,1520109.99,243082.7,72953.93136363637,93410.08,2,0.9947468854217272,10,2.404613731138271,-0.7298979244077609,0.14483724905257572,2.2,1.8617862624235695,1
E113,D,是,104,2,0.019230769230769232,0.0,1290321.37,1290321.37,1290321.37,67667.36,12406.93625,133398.06,35,0.5024239740912244,22,4.443938489470894,-0.9074342899886425,0.049829102779078295,4.7272727272727275,47,16,0.3404255319148936,0.0,293235.75,293235.75,293235.75,47464.25,6239.058510638298,29646.01,4,0.4249039855642828,4,3.794340182707639,-0.02506411495249495,0.13931391253302025,11.75,0.22725791947474291,1
E114,D,是,76,7,0.09210526315789473,0.0,617541.09,617541.09,617541.09,82900.91,8125.540657894737,61061.95,20,0.16427012696346247,27,2.0816543940564136,1.0411981011811575,0.11835513861247612,2.814814814814815,75,9,0.12,0.013333333333333334,262985.76,253831.44,258408.6,7630.2,3506.4768,9856.31,23,0.07520485901530063,24,1.4521000580345382,-0.4814408473867404,0.02918286598370606,3.125,0.4258595326830803,1
E115,D,是,2,0,0.0,0.0,528.3,528.3,528.3,31.7,264.15,264.15,2,0.5,2,4.470738194079362,0.0,0.056607142857142856,1.0,6,2,0.3333333333333333,0.0,105048.54000000001,105048.54000000001,105048.54000000001,3151.46,17508.09,33980.58,4,0.28410112857873,3,4.23029479495514,0.0,0.029126247689463956,2.0,198.84258943781944,1
E116,D,是,10,0,0.0,0.0,2605.87,2605.87,2605.87,200.38,260.587,541.75,8,0.14993928363364856,7,2.435083090719352,1.0193381688411003,0.07140489977728284,1.4285714285714286,47,4,0.0851063829787234,0.0,257329.38999999998,257329.38999999998,257329.38999999998,7725.929999999999,5475.093404255319,9990.29,25,0.0916105943200124,15,2.007551297047206,-0.06643681112998309,0.029148367970882452,3.1333333333333333,98.74989542839819,1
E117,D,是,4,0,0.0,0.0,6708.79,6708.79,6708.79,411.21000000000004,1677.1975,3689.32,3,0.5786319091951402,4,3.9070765522849245,-0.32307080867061283,0.05775421348314607,1.0,44,18,0.4090909090909091,0.0,716740.9,716740.9,716740.9,2203.1,16289.56590909091,72405.45,1,1.0,10,2.4892086040733337,-0.7683296030691733,0.00306435549917657,4.4,106.83609115801806,1
E118,D,是,29,2,0.06896551724137931,0.0,151970.75,151970.75,151970.75,17172.04,5240.370689655172,59986.73,9,0.6373884400125105,14,3.425499062739422,51.39658383760355,0.1015239254360177,2.0714285714285716,144,8,0.05555555555555555,0.006944444444444444,314364.21,313360.31,313862.26,9414.89,2183.0847916666667,67548.54,118,0.10759909294413891,30,1.8218511041407417,-0.7056175758830922,0.02916856685395904,4.8,2.068583658368469,1
E119,D,是,315,1,0.0031746031746031746,0.0031746031746031746,219861.16,219792.14,219826.65,30005.19,697.9719365079366,12660.75,17,0.1624938162576114,31,1.073270359663257,1.780950323364797,0.12011813737160441,10.161290322580646,21,3,0.14285714285714285,0.0,36157.3,36157.3,36157.3,1084.7,1721.7761904761905,2427.18,17,0.09427557800920702,9,2.3133978682492367,3.103051371185786,0.029125718275065788,2.3333333333333335,0.16445514978634698,1
E120,D,是,36,1,0.027777777777777776,0.0,28257.07,28257.07,28257.07,1939.27,784.9186111111111,10141.51,16,0.5293420977859716,12,3.6930926986711206,-0.23620921816292967,0.06422202160924138,3.0,29,20,0.6896551724137931,0.0,190673.21,190673.21,190673.21,5720.21,6574.938275862069,75728.16,26,0.3054209505968949,6,3.437114940712148,-0.33196547531972453,0.02912628131838633,4.833333333333333,6.747805416485148,1
E121,D,是,50,0,0.0,0.02,1078014.48,1073486.18,1075750.33,177633.7,21560.2896,64622.95,11,0.9619571295767085,24,1.0360416638394496,-0.8630135099392062,0.14197975976530725,2.0833333333333335,186,23,0.12365591397849462,0.0,104646.32,104646.32,104646.32,13146.44,562.614623655914,1971.0,123,0.040433911580913355,24,1.351120266424459,-0.5069919532794611,0.11160651978950151,7.75,0.09707320443413711,1
E122,D,是,48,1,0.020833333333333332,0.020833333333333332,61214.14,51579.659999999996,56396.899999999994,3128.6000000000004,1275.2945833333333,17636.09,22,0.28072968788524894,19,2.2638467438886036,-0.06357242443138514,0.057186976884295,2.526315789473684,118,16,0.13559322033898305,0.06779661016949153,88479.2,84574.42,86526.81,2914.64,749.8237288135593,7636.87,70,0.10949154074052414,26,1.6099434058676272,-0.5465701084799026,0.03331433667249368,4.538461538461538,1.4454046074975488,1
E123,D,是,3,0,0.0,0.0,792.4499999999999,792.4499999999999,792.4499999999999,47.55,264.15,264.15,2,0.5555555555555556,3,3.603239283385622,1.0,0.056607142857142856,1.0,65,32,0.49230769230769234,0.0,236709.26,236709.26,236709.26,30458.94,3641.680923076923,9655.56,7,0.3536843211940328,14,3.780204111595663,-0.6625387123048053,0.11400660707374605,4.642857142857143,298.7056091866995,1
